<?xml version="1.0" encoding="UTF-8"?>
<clinic:Clinic xmlns:cids="http://www.example.org/schemas/clinc/clinc_ids"
 xmlns:trmt="http://www.example.org/schemas/clinic/treatment"
 xmlns:prov="http://www.example.org/schemas/provider"
 xmlns:clinic="http://www.example.org/schemas/clinic"
 xmlns:pat="http://www.example.org/schemas/patient"
 xmlns:xsi="http://www.w3.org/2001/XMLSchema-instance"
 xsi:schemaLocation="http://www.example.org/schemas/clinic file:Clinic.xsd">
<pat:Patient>
 <pat:patient-id>12356789</pat:patient-id>
 <pat:name>John</pat:name>
 <pat:dob>1989-11-11</pat:dob>
 <pat:treatments>
  <trmt:DrugTreatment>
   <trmt:provider_id>4321</trmt:provider_id>
   <trmt:diagnosis>Mia Hot</trmt:diagnosis>
   <trmt:dosage>11</trmt:dosage>
  </trmt:DrugTreatment>
 </pat:treatments>
</pat:Patient>
 <prov:Provider>
  <prov:provider-id>4321</prov:provider-id>
  <prov:name>Smith</prov:name>
  <prov:specialization>Oncology</prov:specialization>
 </prov:Provider>
</clinic:Clinic>
