<?xml version="1.0" encoding="UTF-8"?>
<clinic:Clinic xmlns:cids="http://www.example.org/schemas/clinc/clinc_ids"
 xmlns:prov="http://www.example.org/schemas/provider"
 xmlns:trmt="http://www.example.org/schemas/clinic/treatment"
 xmlns:clinic="http://www.example.org/schemas/clinic"
 xmlns:pat="http://www.example.org/schemas/patient"
 xmlns:xsi="http://www.w3.org/2001/XMLSchema-instance"
 xsi:schemaLocation="http://www.example.org/schemas/clinic file:Clinic.xsd">
<pat:Patient>
 <pat:patient-id>123456789</pat:patient-id>
 <pat:name>John</pat:name>
 <pat:dob>1992-03-19</pat:dob>
 <pat:treatments>
  <pat:treatment>
   <trmt:provider-id>7654321</trmt:provider-id>
   <trmt:diagnosis>can't code</trmt:diagnosis>
   <trmt:drug-treatment>
    <trmt:name>Java</trmt:name>
    <trmt:dosage>1.8</trmt:dosage>
   </trmt:drug-treatment>
  </pat:treatment>
 </pat:treatments>
</pat:Patient>
 
 <prov:Provider>
  <prov:provider-id>7654321</prov:provider-id>
  <prov:name></prov:name>
  <prov:specialization>Radiology</prov:specialization>
 </prov:Provider>
 
</clinic:Clinic>
