<?xml version="1.0" encoding="UTF-8"?>
<clinic:Clinic xmlns:cids="http://www.example.org/schemas/clinc/clinc_ids"
 xmlns:trmt="http://www.example.org/schemas/clinic/treatment"
 xmlns:prov="http://www.example.org/schemas/provider"
 xmlns:clinic="http://www.example.org/schemas/clinic"
 xmlns:pat="http://www.example.org/schemas/patient"
 xmlns:xsi="http://www.w3.org/2001/XMLSchema-instance"
 xsi:schemaLocation="http://www.example.org/schemas/clinic file:Clinic.xsd">
<pat:Patient>
 <pat:patient-id>123456789</pat:patient-id>
 <pat:name>Julia</pat:name>
 <pat:dob>1995-10-03</pat:dob>
 <pat:treatments>
  
  <pat:treatment xsi:type ="trmt:SurgeryTyoe">
   <trmt:provider-id>12345</trmt:provider-id>
   <trmt:diagnosis>2011-09-09</trmt:diagnosis>
   <trmt:date>2011-09-10</trmt:date>
  </pat:treatment>
 </pat:treatments>
</pat:Patient>
 
<prov:Provider>
 <prov:provider-id>12345</prov:provider-id>
 <prov:name>David</prov:name>
 <prov:specialization>Surgery</prov:specialization>
</prov:Provider>
</clinic:Clinic>
